1,Nancy,Reyes,nreyes0@blog.com,coY8jWaZ
2,Mary,Price,mprice1@google.nl,rVl2O4db
3,Jerry,Ruiz,jruiz2@businessweek.com,XpmEVvOKS7
4,Mildred,Bell,mbell3@blogtalkradio.com,lUdle5
5,Gregory,Ramos,gramos4@cbslocal.com,2N3H5l
6,Virginia,Lynch,vlynch5@ovh.net,Bw7Oc6dF3d
7,Donald,Simmons,dsimmons6@yahoo.com,egAbCkUb6zt
8,Gerald,Reyes,greyes7@cyberchimps.com,rB0A2CAV5j
9,Anthony,Burns,aburns8@pinterest.com,9mjDDBFoSs1a
10,Richard,Armstrong,rarmstrong9@wiley.com,k7NTH6
11,Billy,Armstrong,barmstronga@nifty.com,sSm2roLj0QO
12,Chris,Kennedy,ckennedyb@jalbum.net,hybk6zY4AK
13,Eric,Lawrence,elawrencec@hostgator.com,wKGCOUOt
14,Martha,Allen,mallend@163.com,CRrmnZt
15,Alan,Stone,astonee@europa.eu,hAsk6Aoh0i
16,Rose,Morris,rmorrisf@so-net.ne.jp,EtfzHF
17,Christine,James,cjamesg@adobe.com,QrHh1OrtZ
18,Howard,Ferguson,hfergusonh@acquirethisname.com,K3S7bz
19,Betty,Ford,bfordi@i2i.jp,VkTVz1d1xt8w
20,Benjamin,Gardner,bgardnerj@prnewswire.com,0rCVLIGa9
21,Richard,Reed,rreedk@feedburner.com,qytW2x5d
22,Christopher,Riley,crileyl@howstuffworks.com,qYPE8Yf97U
23,Peter,Mason,pmasonm@examiner.com,3gHcaCBVJNx
24,Donna,Welch,dwelchn@bbc.co.uk,0c45XegXix
25,Samuel,Carpenter,scarpentero@google.co.uk,Og45Ocbd
26,Keith,Harrison,kharrisonp@timesonline.co.uk,STKKxIge4NV7
27,Kathryn,Allen,kallenq@shop-pro.jp,QsiQcY47
28,George,Roberts,grobertsr@about.com,3PVxk1
29,Eric,Barnes,ebarness@g.co,APT9MdJoIPx
30,Anthony,Frazier,afraziert@auda.org.au,fTfOoGpElq5q
31,Louise,Gardner,lgardneru@aol.com,6IEV9mENgM
32,Lori,Cunningham,lcunninghamv@mapy.cz,pyD663ZvfX
33,Lori,Roberts,lrobertsw@lulu.com,ixp29AHT8TX1
34,Terry,Crawford,tcrawfordx@baidu.com,nDLjYumclKD
35,Earl,Sims,esimsy@gravatar.com,5IRiWxwsJY
36,Nicole,Bishop,nbishopz@alexa.com,L5VMqo
37,Emily,Weaver,eweaver10@disqus.com,DrSnjoaj5BLu
38,Roy,Gardner,rgardner11@mozilla.com,6sMG4LkwF
39,Debra,Gray,dgray12@wordpress.com,MiDfD4OOYJPE
40,Kathy,Warren,kwarren13@issuu.com,xw1CU2GZlcE
41,Cheryl,Garrett,cgarrett14@seattletimes.com,uhZBOT0UcA
42,Victor,Crawford,vcrawford15@sun.com,kUbMwe
43,Nicholas,Hayes,nhayes16@about.me,awYgX1V0OAH1
44,Rebecca,Carroll,rcarroll17@theatlantic.com,aG3HLl
45,Steve,Rivera,srivera18@de.vu,2awfqPQi
46,Lois,Clark,lclark19@addtoany.com,DNxMfY
47,Kathy,Jenkins,kjenkins1a@marketwatch.com,merkGyd
48,Lillian,Ruiz,lruiz1b@timesonline.co.uk,zafFzjOqL
49,Donald,Banks,dbanks1c@smh.com.au,MMKlmI
50,Kenneth,Watson,kwatson1d@topsy.com,kmPD26nmhw7
51,Daniel,Romero,dromero1e@foxnews.com,1edH94NVNevD
52,Steven,Davis,sdavis1f@networksolutions.com,ILAJwhLaf
53,Julia,Knight,jknight1g@xing.com,CG2DL2
54,Shirley,Ortiz,sortiz1h@about.me,WfP3Q87KrQ
55,Brenda,Fisher,bfisher1i@abc.net.au,E3msmPeB5S
56,Frank,Wilson,fwilson1j@un.org,5Yi4od8AJQ
57,Karen,Cunningham,kcunningham1k@dell.com,ukoIKsDi
58,Jason,Sims,jsims1l@umn.edu,7NZ9fxemJ6vm
59,Janice,Nguyen,jnguyen1m@friendfeed.com,G3FYQ60
60,Louise,Stone,lstone1n@cbsnews.com,0JGcXBs
61,George,Vasquez,gvasquez1o@bbb.org,o5hVzspVkRe
62,Michael,Carroll,mcarroll1p@ycombinator.com,BMQGNoc
63,Anthony,Cole,acole1q@nba.com,qC5TfgAxmHRd
64,Heather,Mason,hmason1r@angelfire.com,An9fmG1xO
65,Doris,Hughes,dhughes1s@digg.com,FvFLwQ
66,Teresa,Chapman,tchapman1t@cdbaby.com,0IXXv45N
67,Laura,Morgan,lmorgan1u@zimbio.com,NANsyXa
68,Joe,Long,jlong1v@house.gov,EG1eD3PQ
69,Gary,Russell,grussell1w@sakura.ne.jp,1esE0AWuAVlI
70,Michael,Holmes,mholmes1x@bbc.co.uk,UywgDuop
71,Ernest,Matthews,ematthews1y@i2i.jp,XL3vLH
72,Brenda,Duncan,bduncan1z@webeden.co.uk,BZ2wIa
73,Carl,Gibson,cgibson20@forbes.com,jLE7uV
74,Cheryl,Burns,cburns21@bloglovin.com,Ty2hKKtwz5d2
75,Kimberly,Harrison,kharrison22@usnews.com,miKhVCbgz7
76,Johnny,Morrison,jmorrison23@goo.gl,w7FMmfyoewmm
77,Mary,Campbell,mcampbell24@flickr.com,zJzHcLrb
78,Nicole,Gordon,ngordon25@princeton.edu,VFgA20
79,Paula,Bailey,pbailey26@163.com,2D13FfV
80,Frances,Porter,fporter27@artisteer.com,gdq55ULEkn
81,Maria,Andrews,mandrews28@nationalgeographic.com,yHbBU9G10PPF
82,Thomas,Gonzales,tgonzales29@scribd.com,yKPby5xMb0
83,Robert,Burke,rburke2a@edublogs.org,wD2RwjU5N
84,Jeremy,Gutierrez,jgutierrez2b@mozilla.org,ioHZCjUQNNWt
85,Tammy,Wagner,twagner2c@phoca.cz,5AYOWL
86,Theresa,Morgan,tmorgan2d@marriott.com,UL1SIZBr2Oq
87,Jack,Holmes,jholmes2e@arizona.edu,d9ZmdJ
88,Andrew,Kelley,akelley2f@wikimedia.org,pjkOj9LG4YLX
89,Jane,Nguyen,jnguyen2g@bing.com,phW5j9OY
90,Stephen,Graham,sgraham2h@wikia.com,y2jLpxrl5
91,Marilyn,Tucker,mtucker2i@google.es,Wwunco2b5pqV
92,Norma,Price,nprice2j@timesonline.co.uk,C8UMeY
93,Brenda,Mason,bmason2k@unesco.org,ty3zQU
94,Jean,Knight,jknight2l@woothemes.com,Ra2veC
95,Martha,Carr,mcarr2m@latimes.com,2sfSeTBaOz
96,Janet,Stevens,jstevens2n@shutterfly.com,hm1cxtUw
97,Fred,White,fwhite2o@wunderground.com,gZNcLu3gH7
98,Antonio,Reed,areed2p@vk.com,512g2UI4Yr
99,Tammy,Powell,tpowell2q@blog.com,fjEgZPJ
100,Steven,Alvarez,salvarez2r@mail.ru,MSP8Hz6
101,Lillian,Wallace,lwallace2s@salon.com,gSOirjkw
102,Johnny,Lane,jlane2t@acquirethisname.com,TyAWWX
103,Norma,Ross,nross2u@yellowbook.com,bfnSVnh9
104,Sarah,Ross,sross2v@wiley.com,oIclzo
105,Gerald,Knight,gknight2w@i2i.jp,jOHidMK2fp5
106,Theresa,Campbell,tcampbell2x@bing.com,gFAbvw
107,Nicole,Harvey,nharvey2y@a8.net,TkfpeGbMxEF3
108,Doris,Richards,drichards2z@multiply.com,vEN2m0CQbXxx
109,Steven,Willis,swillis30@arizona.edu,EQSekLlkcaz
110,Cynthia,Stewart,cstewart31@ovh.net,p6ZIbM
111,Steve,Daniels,sdaniels32@blogtalkradio.com,mlyzPf
112,Shawn,Hawkins,shawkins33@about.me,09zJ7X
113,Heather,Knight,hknight34@hao123.com,alhPE94AMs
114,Ashley,Gonzales,agonzales35@php.net,GSTGlCPcow
115,Roy,Jacobs,rjacobs36@discovery.com,9XkBbWHjVXh
116,Jeffrey,Hernandez,jhernandez37@bizjournals.com,4V1ZMehAa
117,Carol,Wheeler,cwheeler38@ibm.com,s1FYAyolSq
118,Carlos,Ray,cray39@mozilla.com,lC0EFwL
119,Dennis,Burke,dburke3a@nytimes.com,nggo3s
120,Norma,Nichols,nnichols3b@blogs.com,v8cKwGz3
121,Evelyn,Little,elittle3c@yellowpages.com,dyND6q
122,Christine,James,cjames3d@scribd.com,fBQagb7y
123,Kenneth,Carroll,kcarroll3e@technorati.com,2m8MLNSUeLN
124,Julia,Alvarez,jalvarez3f@constantcontact.com,CI8A8xBAO
125,Paula,Howell,phowell3g@ted.com,lFdADG
126,Kathy,Patterson,kpatterson3h@plala.or.jp,4QHNwEnNwjV
127,Gary,Rose,grose3i@gmpg.org,eBB6MuEi17R
128,Julie,Shaw,jshaw3j@cam.ac.uk,c2e1tzEHO95
129,Cheryl,Chapman,cchapman3k@biblegateway.com,kotUK6yBsKZv
130,Kimberly,Ward,kward3l@scribd.com,Ks30LP9t2
131,Bonnie,Bryant,bbryant3m@youtu.be,McnXJMRzwnu
132,Joseph,Carroll,jcarroll3n@senate.gov,sDmMfnNPYiB
133,Brenda,Jones,bjones3o@nbcnews.com,uIMrosHytP
134,Stephen,Payne,spayne3p@answers.com,UwJmIpp
135,Stephen,Olson,solson3q@zimbio.com,CnQvTZXQcv9O
136,Louise,Kennedy,lkennedy3r@slate.com,3cLePRijSbym
137,Willie,Russell,wrussell3s@elegantthemes.com,31qy5UUV
138,Kimberly,Frazier,kfrazier3t@blogger.com,QkqmLSuKQhH
139,Tina,Hall,thall3u@canalblog.com,vVGd0Lxqz3
140,Carolyn,Mason,cmason3v@uiuc.edu,OW8rS4BlVn
141,Louise,Martinez,lmartinez3w@prweb.com,kUIkYxq
142,Joan,Young,jyoung3x@discovery.com,u7a73faF
143,Gerald,Ferguson,gferguson3y@unesco.org,OBoKxNI8LVp
144,Douglas,Brown,dbrown3z@yahoo.com,Iflw3RgzP
145,Evelyn,Howard,ehoward40@lulu.com,aVa2sYsOA
146,Thomas,Washington,twashington41@simplemachines.org,zkIHTHgChxoX
147,Carol,Brown,cbrown42@php.net,af5pnb1dR0PR
148,Charles,Johnson,cjohnson43@apple.com,7S2gE1IGFW
149,Louis,Cooper,lcooper44@icq.com,vIcWJAPkHU
150,Earl,Torres,etorres45@free.fr,PU0lbELgR
151,Shirley,Nichols,snichols46@mashable.com,wttKYOWBuR
152,Dorothy,Ortiz,dortiz47@mapy.cz,XoHXIkAtVB
153,Harold,Jordan,hjordan48@omniture.com,WxpGEMC4zpk
154,Norma,Morgan,nmorgan49@homestead.com,CIJM9eR
155,Russell,Simpson,rsimpson4a@indiatimes.com,Vtj56HSnG
156,Susan,Knight,sknight4b@ustream.tv,WcDhuXH3Jx
157,Paula,Bell,pbell4c@creativecommons.org,Cor34FmbC
158,Maria,Freeman,mfreeman4d@soup.io,dyvLTy
159,Kelly,Daniels,kdaniels4e@istockphoto.com,9w82TBwQi29r
160,Frank,Holmes,fholmes4f@instagram.com,44WirHyMQH
161,John,Riley,jriley4g@ezinearticles.com,lb8wF0v
162,Nancy,Wells,nwells4h@illinois.edu,tcoJe4
163,Norma,Larson,nlarson4i@1und1.de,c1hhPjZie1Fe
164,Frances,Mason,fmason4j@mac.com,DsdFGCavwB
165,Marie,King,mking4k@sfgate.com,WYDECM
166,Charles,Greene,cgreene4l@shareasale.com,9VfL55caI
167,Ruth,Howell,rhowell4m@w3.org,pzSvkTPyuI
168,Frances,Day,fday4n@trellian.com,5HcNP4RlX
169,Frances,Bishop,fbishop4o@noaa.gov,6tVO0mGnvq0
170,Matthew,Watson,mwatson4p@hp.com,AH2ufksdyBz6
171,Jacqueline,Thomas,jthomas4q@moonfruit.com,PpsUwEPOERf
172,Catherine,Martinez,cmartinez4r@sbwire.com,2W1S8riX5O
173,Mildred,Armstrong,marmstrong4s@wisc.edu,Xe7Wc9tp
174,Anthony,Fuller,afuller4t@macromedia.com,X9VG6es
175,Bruce,Brooks,bbrooks4u@deliciousdays.com,GCMtvQvGjpu
176,Larry,Myers,lmyers4v@theguardian.com,9osIxKVgCgjm
177,Kathryn,Murphy,kmurphy4w@gmpg.org,3Zn3KY
178,Deborah,Willis,dwillis4x@techcrunch.com,voKLVYW
179,Mildred,Harris,mharris4y@miitbeian.gov.cn,sQJLIhp7f
180,Donald,Parker,dparker4z@amazon.com,ubJ3KejL
181,Amy,Frazier,afrazier50@bbb.org,tWijwTW1
182,Peter,Ward,pward51@histats.com,Azl2ZTVRP
183,Antonio,Porter,aporter52@vk.com,2Ea59u3
184,Anne,Washington,awashington53@ovh.net,Tu7Qq5ze
185,Diana,Butler,dbutler54@networksolutions.com,20WjScvdXKxu
186,Bruce,Reed,breed55@amazon.co.jp,3A4ANudAI
187,Walter,Austin,waustin56@cisco.com,USYw4dLfRN
188,Eugene,Kennedy,ekennedy57@bluehost.com,5AmKkHw8EFd
189,Craig,Berry,cberry58@ihg.com,9oLyj4
190,Katherine,Green,kgreen59@canalblog.com,4IxYw3TX
191,Matthew,Murray,mmurray5a@dagondesign.com,BtSn9H608
192,Jessica,Rice,jrice5b@dyndns.org,sHKAHbZDVU
193,Justin,Greene,jgreene5c@hud.gov,IJLltdhqNNB
194,Deborah,Cole,dcole5d@marriott.com,ghPm7bW3HH
195,Virginia,Watkins,vwatkins5e@newyorker.com,24JBCx
196,Keith,Stone,kstone5f@va.gov,B3TMNx
197,Benjamin,Mccoy,bmccoy5g@amazonaws.com,rytEflrhX0PG
198,Cynthia,Sims,csims5h@buzzfeed.com,1Vw9ItNut
199,Aaron,Stanley,astanley5i@vistaprint.com,s5GES75p9c31
200,Louise,Wilson,lwilson5j@ftc.gov,LeGSWWc5Zau
201,Lori,Allen,lallen5k@wordpress.com,lNAhH8e
202,Sandra,Woods,swoods5l@yolasite.com,vRiBJWy3n2AS
203,Diana,Powell,dpowell5m@bbb.org,yg9YDGM395Z5
204,Louise,Harper,lharper5n@dell.com,EPSSjPmq
205,Earl,Phillips,ephillips5o@loc.gov,2jTmzs2FkMm
206,Melissa,Alexander,malexander5p@army.mil,4tcA7r
207,Marie,Moore,mmoore5q@surveymonkey.com,yOp3bmi8L4
208,Henry,Tucker,htucker5r@surveymonkey.com,IBDvMJRvKP
209,Julie,Black,jblack5s@blogger.com,E4VBdVrzK
210,Thomas,Richards,trichards5t@msn.com,9d5mYC6y
211,Joe,Ruiz,jruiz5u@123-reg.co.uk,yDVa2ZQvO
212,Katherine,Russell,krussell5v@dot.gov,xe2caI
213,Joan,Carter,jcarter5w@dell.com,OhpcxNco
214,Ruth,Johnston,rjohnston5x@mapquest.com,Tmj4iGHj8D
215,Kelly,Stewart,kstewart5y@flavors.me,3J1qn4SE
216,Betty,Jacobs,bjacobs5z@oracle.com,Rnw0dLp1fy7
217,Katherine,Cruz,kcruz60@t-online.de,bfOv09hK
218,Heather,Schmidt,hschmidt61@hugedomains.com,THpjlq98VUL
219,Kathy,Riley,kriley62@soundcloud.com,Mkdwxtp
220,Anne,Shaw,ashaw63@geocities.jp,Dd8zlT
221,Michelle,Simpson,msimpson64@ameblo.jp,pXW2Lk
222,Harold,Nichols,hnichols65@salon.com,VDYnLAXGH
223,Robin,Palmer,rpalmer66@independent.co.uk,hAxnOW
224,Kimberly,Bowman,kbowman67@histats.com,jrERpX
225,Anne,Lawrence,alawrence68@e-recht24.de,YlKlaNCD
226,Brian,Griffin,bgriffin69@is.gd,A44Vdnq8hq
227,Betty,Riley,briley6a@fc2.com,itdvGIT
228,Julie,Marshall,jmarshall6b@godaddy.com,gSFybZt
229,Judy,Fox,jfox6c@sun.com,Jrw7B4q7W
230,Ruth,Bailey,rbailey6d@soundcloud.com,QXdSGD8iTn
231,Annie,Collins,acollins6e@wunderground.com,kABeSfDat
232,Brandon,Fuller,bfuller6f@whitehouse.gov,Z182Ewo
233,Norma,Young,nyoung6g@youku.com,yEZYpwmBE
234,Gloria,Nichols,gnichols6h@craigslist.org,J3cxAwp
235,Walter,Boyd,wboyd6i@google.com,t9cPHprxD
236,Earl,Frazier,efrazier6j@sphinn.com,jScTwLq
237,Ann,Stevens,astevens6k@fema.gov,uJhTq6k821
238,Laura,Vasquez,lvasquez6l@webeden.co.uk,d3Bnv14
239,Brandon,Hudson,bhudson6m@adobe.com,hlEnZqiglPF
240,Raymond,Brooks,rbrooks6n@printfriendly.com,Ms35Sf
241,Karen,Fields,kfields6o@arizona.edu,FZD7uIhIM7g
242,Joshua,Grant,jgrant6p@webs.com,eNOIZByZNH
243,Adam,Johnson,ajohnson6q@storify.com,ZdkAWDOZEa2
244,Nancy,Morris,nmorris6r@google.com,wIp73f0qlf
245,Debra,Coleman,dcoleman6s@hud.gov,DiBtjaJ
246,Daniel,Carr,dcarr6t@trellian.com,2t8AJVY
247,Christine,Carr,ccarr6u@typepad.com,4DfU343mqd
248,Christine,Wilson,cwilson6v@bloglovin.com,a6qMK1
249,Douglas,Hill,dhill6w@netvibes.com,NK7GFl
250,Tammy,Day,tday6x@umn.edu,5Ph0eNOlcW8c
251,Justin,Chavez,jchavez6y@jimdo.com,gwlXwtJtA
252,Irene,Austin,iaustin6z@drupal.org,SSxe0ZsvouD
253,Anna,Ellis,aellis70@whitehouse.gov,Nym9SwD
254,Edward,Carr,ecarr71@china.com.cn,0pBuI78L
255,Julie,Morrison,jmorrison72@google.it,O52WqxNz3x
256,David,Burns,dburns73@symantec.com,g2GBCI4
257,Patrick,Bell,pbell74@goo.ne.jp,1CehdhAhmquX
258,Nicole,Pierce,npierce75@newyorker.com,21wuYsa3k
259,Paul,Powell,ppowell76@facebook.com,13vVESw3EsL
260,Michelle,Fields,mfields77@sitemeter.com,DrIGXw5I
261,Ruth,Hawkins,rhawkins78@ebay.com,xQg0USj
262,Anna,Coleman,acoleman79@harvard.edu,cSXyVL6SGm
263,Diane,Ray,dray7a@livejournal.com,rb6nrRCKIelG
264,Jonathan,Fisher,jfisher7b@multiply.com,gYEctc2xbRE
265,Jesse,Peters,jpeters7c@toplist.cz,J2B0N4h
266,Melissa,Hawkins,mhawkins7d@baidu.com,2xDdadzDR
267,Alice,Andrews,aandrews7e@abc.net.au,N9YA7A0s0wM
268,Craig,Ramos,cramos7f@amazon.com,BUdhBoZJo
269,Craig,Griffin,cgriffin7g@shareasale.com,ewzeQyZQ
270,Karen,Austin,kaustin7h@a8.net,F7hndqDZAQe
271,Carlos,Watkins,cwatkins7i@uiuc.edu,KlMTN38n
272,Paula,Jackson,pjackson7j@tmall.com,zAl0H2zpO
273,David,Medina,dmedina7k@ameblo.jp,DXJYtYhOzg3z
274,James,Cole,jcole7l@dailymail.co.uk,d7mZaBK
275,Philip,Hansen,phansen7m@slideshare.net,wdw7cs8a
276,Sean,Moreno,smoreno7n@google.pl,43ofI5vDT
277,Lillian,Dixon,ldixon7o@mysql.com,XQygbx
278,Evelyn,Barnes,ebarnes7p@live.com,iau0Cr08
279,Phyllis,Coleman,pcoleman7q@wufoo.com,Okwg2OsAH
280,Ernest,Mccoy,emccoy7r@amazon.co.uk,VrKih3
281,Sarah,Gilbert,sgilbert7s@miibeian.gov.cn,1wRvK8MtqUV
282,Larry,Nichols,lnichols7t@bing.com,LKLsgbw
283,Deborah,Bell,dbell7u@prweb.com,I6KD1Gu
284,Joyce,Warren,jwarren7v@live.com,Gx9SEaN
285,Kathy,Kim,kkim7w@weebly.com,bTD6jA3KtxTo
286,Martha,Hill,mhill7x@cnn.com,FtdMp37P
287,Marie,Thomas,mthomas7y@accuweather.com,YPuZ5hCV1zf
288,George,Price,gprice7z@amazon.de,cQYtQz1aIs4
289,Richard,Montgomery,rmontgomery80@toplist.cz,lhc2xK0Jgbj
290,Andrea,James,ajames81@wisc.edu,YYn0vlO4LjCh
291,Keith,Reynolds,kreynolds82@gmpg.org,olvw1kI7
292,Debra,Austin,daustin83@tripod.com,KibNdc
293,Ralph,Frazier,rfrazier84@google.ca,P3M8s8
294,Brian,Cole,bcole85@wordpress.com,5jv7yIdMDX6
295,William,Martin,wmartin86@photobucket.com,WLeufoVaV4o
296,Andrew,Fox,afox87@dedecms.com,FOkxlWLRoOy
297,Robert,Hudson,rhudson88@rambler.ru,2xsL6xD6
298,Gregory,Sanders,gsanders89@cbslocal.com,7HFON8
299,Virginia,Banks,vbanks8a@state.gov,JJA1KQiCrjd
300,Doris,Rice,drice8b@phpbb.com,ybGMAi3Gd
301,Mary,Simpson,msimpson8c@jalbum.net,Kp9C6G
302,Louis,Palmer,lpalmer8d@opensource.org,qhml0tvf
303,Carol,Bell,cbell8e@moonfruit.com,5uLMgqB
304,Albert,Williams,awilliams8f@mozilla.com,P1TksuE
305,Michelle,Harris,mharris8g@state.gov,vQBiyadh
306,Juan,Flores,jflores8h@mozilla.org,CSOqsK8Vg5F
307,Kenneth,Simpson,ksimpson8i@salon.com,1AXr3a
308,Johnny,Hart,jhart8j@kickstarter.com,EWyIIBq
309,Clarence,Kelley,ckelley8k@youtu.be,gjPnm0G13z
310,Heather,Gonzales,hgonzales8l@ucoz.com,hKiCodX1F
311,Timothy,Mitchell,tmitchell8m@g.co,XYJQ1he
312,Adam,Freeman,afreeman8n@cbslocal.com,ijIe9v
313,Charles,Collins,ccollins8o@abc.net.au,Rtwdgxc
314,Sara,Ruiz,sruiz8p@umn.edu,KtQu8TIIPwr
315,Lois,Gonzalez,lgonzalez8q@amazon.co.jp,OfYw5ehc
316,Judy,Marshall,jmarshall8r@altervista.org,pbHn2zt6lN
317,Carol,Martinez,cmartinez8s@topsy.com,i3mViSYVG7
318,Tina,Fisher,tfisher8t@nymag.com,Ufo5XUC81Dpj
319,Scott,Butler,sbutler8u@opensource.org,tEEGaPR
320,Gloria,Campbell,gcampbell8v@clickbank.net,s7s34ssnOIP
321,Rachel,Rogers,rrogers8w@smugmug.com,GQA0pZ7
322,Nancy,Stanley,nstanley8x@creativecommons.org,rDSxPL
323,Laura,Hart,lhart8y@t.co,cdQWkZCcgyC
324,Charles,Schmidt,cschmidt8z@twitpic.com,BPpZs0DLT
325,Heather,Miller,hmiller90@cornell.edu,0uDtZN
326,Kenneth,Campbell,kcampbell91@about.com,GroCe3LIKXk
327,Christine,Kelly,ckelly92@pcworld.com,gztVWbSq
328,Laura,Vasquez,lvasquez93@yale.edu,Z7vDfiZU
329,Diane,Fields,dfields94@163.com,FKTlWR
330,Philip,Carpenter,pcarpenter95@pagesperso-orange.fr,1dWGEq1u3gQ
331,Jesse,Bell,jbell96@eventbrite.com,Z1yVVHQ5U
332,Deborah,Edwards,dedwards97@vistaprint.com,4aT1s82L
333,Frances,Garza,fgarza98@cbslocal.com,2TCmQnWwK
334,Kevin,Lawson,klawson99@bluehost.com,BxFA1BkVn1
335,Christopher,Bell,cbell9a@economist.com,EGB1Uzjt
336,Tina,Cruz,tcruz9b@ustream.tv,Sgpzuze2
337,Ruth,Smith,rsmith9c@imageshack.us,3BdTdWbnQ8
338,Louis,Bishop,lbishop9d@exblog.jp,TA8WKm
339,Ryan,Mitchell,rmitchell9e@oakley.com,pmPdpriDu
340,Shawn,Garrett,sgarrett9f@china.com.cn,RxgiwkB
341,Frank,Bennett,fbennett9g@bloglovin.com,hwzo8U8aP8X
342,Charles,Ward,cward9h@microsoft.com,OWmLZ43I
343,Amy,Harrison,aharrison9i@bloomberg.com,OuwXRF
344,Lisa,Johnson,ljohnson9j@unblog.fr,B6S07yRY
345,Brandon,Burke,bburke9k@godaddy.com,fnjvtsunDI
346,Doris,Stephens,dstephens9l@nih.gov,RhNLbtOa
347,Ernest,Weaver,eweaver9m@ca.gov,DG5uttthtTNJ
348,Carolyn,Moreno,cmoreno9n@nbcnews.com,SR9QdLklh
349,Janet,Nguyen,jnguyen9o@jigsy.com,XoGrBpA1UCkF
350,Steven,Adams,sadams9p@printfriendly.com,EI2YRgbV
351,Kimberly,Kelly,kkelly9q@trellian.com,Lp7ABEa
352,Donald,Holmes,dholmes9r@networkadvertising.org,j3V6J5YDK
353,Joseph,Lawson,jlawson9s@creativecommons.org,nUKF6BWJDo
354,Donald,Ward,dward9t@uiuc.edu,g5HLME
355,Lisa,Butler,lbutler9u@icq.com,dwutVw
356,Johnny,Richardson,jrichardson9v@wikimedia.org,AfMRsDO65
357,Joan,Wright,jwright9w@columbia.edu,BEVahwXzMZ
358,Earl,Gilbert,egilbert9x@jugem.jp,9ds6SepdQZ0
359,Frank,Morales,fmorales9y@vkontakte.ru,n0MtPkCF
360,Brian,Medina,bmedina9z@sina.com.cn,GLG7rjRjxA
361,John,Richardson,jrichardsona0@deviantart.com,wiB4nbJvM9
362,Sarah,Howard,showarda1@webnode.com,OaVXvNCsCwA
363,Walter,Peters,wpetersa2@addtoany.com,gkn6IF
364,Mary,Burns,mburnsa3@wired.com,cUedyG
365,Randy,Palmer,rpalmera4@ebay.co.uk,l0t04suy
366,Henry,Hawkins,hhawkinsa5@lycos.com,1l174umGEFp
367,Tammy,Nguyen,tnguyena6@angelfire.com,soGhgJxWMAJO
368,Ernest,Walker,ewalkera7@skype.com,CYMSJjE
369,Jennifer,Torres,jtorresa8@ning.com,wD0epE
370,Elizabeth,Morrison,emorrisona9@mapy.cz,VaPkjayHk
371,Jose,Hughes,jhughesaa@shinystat.com,wmGmMIDv
372,Joseph,Wheeler,jwheelerab@ustream.tv,Hlnv22FeTy
373,Joyce,Morris,jmorrisac@discovery.com,kbfmc3dilr
374,Stephen,Martinez,smartinezad@feedburner.com,30jHZ5y
375,Roy,Phillips,rphillipsae@seesaa.net,9DtgNnUPWK
376,Patricia,Payne,ppayneaf@drupal.org,cRmKqmE
377,Brandon,Ferguson,bfergusonag@tripadvisor.com,k0a7Is
378,Steven,Lawrence,slawrenceah@zimbio.com,reY2UF4Q8k
379,Kimberly,Butler,kbutlerai@meetup.com,tYI9UL
380,Tina,Jenkins,tjenkinsaj@aol.com,54zjVNWsMJjj
381,Timothy,Hart,thartak@ox.ac.uk,178DvV
382,Patrick,Bennett,pbennettal@webeden.co.uk,3bEx2HO24S2c
383,Sarah,Torres,storresam@sitemeter.com,rhNs9CyVyv
384,Willie,Cook,wcookan@imdb.com,8YeHVdy
385,Tammy,Ray,trayao@newsvine.com,v3om2P
386,Joe,Gray,jgrayap@newsvine.com,IXdJQp
387,Walter,Frazier,wfrazieraq@unblog.fr,BgiNMfM8p0
388,Deborah,Wilson,dwilsonar@google.com,cEEPeF6o
389,Gary,Carpenter,gcarpenteras@hugedomains.com,EsBxVv
390,Brandon,Kelly,bkellyat@netvibes.com,4I4iuInS4
391,Victor,Barnes,vbarnesau@shinystat.com,9b908QkkLQX0
392,Bruce,Gordon,bgordonav@usatoday.com,3zrg0uEG7
393,Margaret,Price,mpriceaw@miibeian.gov.cn,SgqjN6VJ2ZL
394,Carl,Ramos,cramosax@jugem.jp,OhOCmn
395,Billy,Martinez,bmartinezay@redcross.org,RvmDSmpN
396,Stephanie,Marshall,smarshallaz@com.com,HsbcLCDhe
397,Anne,Carroll,acarrollb0@arstechnica.com,RJ5blIzGr
398,Albert,Simpson,asimpsonb1@mayoclinic.com,4Cn5NxV2fm
399,Linda,Henderson,lhendersonb2@gmpg.org,oGHAQ7
400,Roy,Price,rpriceb3@forbes.com,E0bh2VrWHN
401,Laura,Clark,lclarkb4@ucla.edu,0vY42K
402,Cynthia,Dean,cdeanb5@illinois.edu,hIFnmFD
403,Jane,Matthews,jmatthewsb6@meetup.com,dOZmPnm
404,Roger,Gardner,rgardnerb7@pcworld.com,I3nIsL
405,Evelyn,Hill,ehillb8@adobe.com,3Fy9zUii7OAX
406,Kathryn,Lane,klaneb9@google.ca,ECyH64EnD
407,Phyllis,Mccoy,pmccoyba@sohu.com,pnbkeh
408,Michelle,Edwards,medwardsbb@ovh.net,lv2qFiMX
409,Jonathan,Stanley,jstanleybc@xinhuanet.com,1Zr1qr
410,George,Walker,gwalkerbd@pcworld.com,V4LRBqT8DVe
411,Terry,Richardson,trichardsonbe@shop-pro.jp,5Zyt7ABv
412,Rebecca,Marshall,rmarshallbf@admin.ch,cJTbZYrAHk1N
413,Diane,Hill,dhillbg@weibo.com,eMM1gK
414,Joseph,Bell,jbellbh@cafepress.com,hkzOAso
415,Andrea,Reed,areedbi@macromedia.com,U3iQUS
416,Lois,Riley,lrileybj@ovh.net,i073N35Qvb
417,Rebecca,Smith,rsmithbk@dailymail.co.uk,SyrMSr8KRBjQ
418,Linda,Pierce,lpiercebl@infoseek.co.jp,VktqaRwB
419,Timothy,Evans,tevansbm@prlog.org,vfmeEpsIhs
420,Jane,Perkins,jperkinsbn@gov.uk,cHCK5K
421,Amy,Gilbert,agilbertbo@wix.com,mPv9Id4dQlCA
422,Cynthia,Owens,cowensbp@blogs.com,rCGnex
423,Angela,Turner,aturnerbq@nih.gov,TiSIK1CAFEOZ
424,Kenneth,Rice,kricebr@utexas.edu,kMhvLl
425,Donald,Arnold,darnoldbs@php.net,XtRRgZn
426,Shirley,Bailey,sbaileybt@netscape.com,2izIzJNb7y
427,Ernest,Franklin,efranklinbu@baidu.com,LmkFvW3y
428,Donald,Simpson,dsimpsonbv@blogs.com,Kn6TZZa
429,Craig,Harrison,charrisonbw@google.cn,nXFfWv1bb
430,Pamela,Gutierrez,pgutierrezbx@macromedia.com,muSpYYsAEY
431,Terry,Henderson,thendersonby@businesswire.com,ZYSm3xO
432,Joe,Carpenter,jcarpenterbz@qq.com,RGi3b5ptZ
433,Christine,Carroll,ccarrollc0@yellowbook.com,3RejFhc708
434,Cheryl,Banks,cbanksc1@deviantart.com,Mosdr7VwYM
435,Kimberly,Pierce,kpiercec2@flickr.com,8gxBtGo
436,Harold,Stewart,hstewartc3@vistaprint.com,XFPoWzX95l
437,Scott,Reid,sreidc4@goodreads.com,rntb86v7cmz
438,Howard,Fox,hfoxc5@ucsd.edu,F815iCvkKqI
439,William,Griffin,wgriffinc6@miibeian.gov.cn,l92Jas23P
440,Annie,Gomez,agomezc7@cisco.com,cv7pSyOKjx
441,Bonnie,Taylor,btaylorc8@slate.com,46TMusPBUSb
442,Emily,Bowman,ebowmanc9@youku.com,PGgplz
443,Arthur,White,awhiteca@answers.com,trxsnGFo
444,Kelly,Morales,kmoralescb@ebay.com,Sgcw3uE0
445,Susan,Wells,swellscc@google.fr,mufQZ59YH
446,Stephanie,Weaver,sweavercd@xing.com,a7haHug
447,Donald,Fowler,dfowlerce@sina.com.cn,IZvFow8
448,Martha,Ross,mrosscf@i2i.jp,aVaf7MFEf
449,Jonathan,Rose,jrosecg@yahoo.co.jp,dUTm0JYRR
450,Dorothy,Mitchell,dmitchellch@mapy.cz,3PDmrpLzH1
451,Shawn,Chapman,schapmanci@gnu.org,0vwOY5F
452,Albert,Henderson,ahendersoncj@creativecommons.org,dfOU9YnEW
453,Jennifer,Nguyen,jnguyenck@acquirethisname.com,9lw9sfVoM
454,Samuel,Gomez,sgomezcl@scribd.com,Um7vlDyR
455,Ruby,Gonzales,rgonzalescm@smh.com.au,vw6AoiAujgN
456,Robin,Rose,rrosecn@usatoday.com,Ebj84LWqCo
457,Susan,Flores,sfloresco@ibm.com,A5QJuofrdvIN
458,Jack,Martinez,jmartinezcp@cafepress.com,zqinZgBo9
459,Martin,Riley,mrileycq@diigo.com,S17kJugJw9CM
460,Donna,Allen,dallencr@histats.com,Q3eK3n
461,Harry,Dean,hdeancs@symantec.com,Imkx7sYot
462,Emily,Richards,erichardsct@berkeley.edu,NaBQ93
463,Jimmy,Ferguson,jfergusoncu@gov.uk,wt1Qlb5Hr
464,Lawrence,Rice,lricecv@cyberchimps.com,m4pMkJ
465,Larry,James,ljamescw@livejournal.com,0BDrFVY
466,Amanda,Bennett,abennettcx@vimeo.com,eLgE081
467,Lisa,White,lwhitecy@ft.com,QfQ1PN
468,Lawrence,Spencer,lspencercz@geocities.com,ATIX3RgP
469,Carl,Kim,ckimd0@netscape.com,L77OQYA8EVe7
470,Eugene,Stone,estoned1@un.org,Tv99fxhLBS
471,Antonio,Jackson,ajacksond2@list-manage.com,3I07MDn
472,Paul,Cox,pcoxd3@vistaprint.com,sb5oUL
473,Johnny,Henry,jhenryd4@gov.uk,5nVVeYCmTuI
474,Carlos,Mason,cmasond5@soundcloud.com,3VMqe2WK
475,Jason,Wood,jwoodd6@t.co,qUWY5onaS
476,Debra,Cooper,dcooperd7@ebay.com,R0QJ2m6N
477,Patricia,Diaz,pdiazd8@amazon.co.jp,cfmmibRe
478,Kevin,Ortiz,kortizd9@weebly.com,zSSBcKszSj
479,Victor,Mcdonald,vmcdonaldda@ed.gov,4kydVRk
480,Judy,Sanders,jsandersdb@skyrock.com,Z13eJt
481,Thomas,Reynolds,treynoldsdc@guardian.co.uk,W0qGUyNO
482,Michelle,Johnson,mjohnsondd@redcross.org,BX4eNKKbz
483,Richard,Gray,rgrayde@google.ru,YPD0mOP5RoC
484,Daniel,Marshall,dmarshalldf@howstuffworks.com,Dl2Hb6S
485,Justin,Robertson,jrobertsondg@fema.gov,hr5QwgLlcjLq
486,Adam,Black,ablackdh@boston.com,UdOFhgoId1
487,Robin,Flores,rfloresdi@senate.gov,69JSbts
488,Benjamin,Kelly,bkellydj@linkedin.com,BXTy8swfzOZ
489,Jeremy,Elliott,jelliottdk@e-recht24.de,Ob953LVHA
490,Jerry,Hicks,jhicksdl@bizjournals.com,pTebCJwtVKN
491,Julia,Shaw,jshawdm@acquirethisname.com,q39VNhohWzWL
492,Joshua,Jordan,jjordandn@bloglovin.com,Pl2169jDb
493,Ernest,Perkins,eperkinsdo@businesswire.com,uZ316YZ3x
494,Adam,Ortiz,aortizdp@clickbank.net,osh2vWJws0
495,Jeffrey,Mendoza,jmendozadq@loc.gov,uf0ahggJ1h
496,Jessica,Ruiz,jruizdr@w3.org,j1vYdH
497,Cynthia,Wallace,cwallaceds@mysql.com,aNHQMK
498,Shawn,Ford,sforddt@yolasite.com,WWNCRtz
499,Brian,Harper,bharperdu@npr.org,8ffDWm
500,Richard,Hansen,rhansendv@yahoo.com,K6bekBBvHxH
